<?xml version="1.0" encoding="UTF-8"?>
<configurationDescriptor version="100">
  <logicalFolder name="root" displayName="root" projectFiles="true" kind="ROOT">
    <df root="." name="0">
      <df name="docs">
        <df name="search">
        </df>
      </df>
      <df name="src">
        <df name="exceptions">
          <in>bad_buffer_exception.cpp</in>
          <in>bad_buffer_exception.h</in>
          <in>bad_index_info_exception.cpp</in>
          <in>bad_index_info_exception.h</in>
          <in>bad_opcodes_exception.cpp</in>
          <in>bad_opcodes_exception.h</in>
          <in>bad_scan_param_exception.cpp</in>
          <in>bad_scan_param_exception.h</in>
          <in>bad_scanrange_exception.cpp</in>
          <in>bad_scanrange_exception.h</in>
          <in>badgerdb_exception.cpp</in>
          <in>badgerdb_exception.h</in>
          <in>buffer_exceeded_exception.cpp</in>
          <in>buffer_exceeded_exception.h</in>
          <in>end_of_file_exception.cpp</in>
          <in>end_of_file_exception.h</in>
          <in>file_exists_exception.cpp</in>
          <in>file_exists_exception.h</in>
          <in>file_not_found_exception.cpp</in>
          <in>file_not_found_exception.h</in>
          <in>file_open_exception.cpp</in>
          <in>file_open_exception.h</in>
          <in>hash_already_present_exception.cpp</in>
          <in>hash_already_present_exception.h</in>
          <in>hash_not_found_exception.cpp</in>
          <in>hash_not_found_exception.h</in>
          <in>hash_table_exception.cpp</in>
          <in>hash_table_exception.h</in>
          <in>index_scan_completed_exception.cpp</in>
          <in>index_scan_completed_exception.h</in>
          <in>insufficient_space_exception.cpp</in>
          <in>insufficient_space_exception.h</in>
          <in>invalid_page_exception.cpp</in>
          <in>invalid_page_exception.h</in>
          <in>invalid_record_exception.cpp</in>
          <in>invalid_record_exception.h</in>
          <in>invalid_slot_exception.cpp</in>
          <in>invalid_slot_exception.h</in>
          <in>no_such_key_found_exception.cpp</in>
          <in>no_such_key_found_exception.h</in>
          <in>page_not_pinned_exception.cpp</in>
          <in>page_not_pinned_exception.h</in>
          <in>page_pinned_exception.cpp</in>
          <in>page_pinned_exception.h</in>
          <in>scan_not_initialized_exception.cpp</in>
          <in>scan_not_initialized_exception.h</in>
          <in>slot_in_use_exception.cpp</in>
          <in>slot_in_use_exception.h</in>
        </df>
        <df name="lib">
        </df>
        <df name="obj">
          <df name="exceptions">
          </df>
        </df>
        <in>btree.cpp</in>
        <in>btree.h</in>
        <in>bufHashTbl.cpp</in>
        <in>bufHashTbl.h</in>
        <in>buffer.cpp</in>
        <in>buffer.h</in>
        <in>file.cpp</in>
        <in>file.h</in>
        <in>file_iterator.h</in>
        <in>filescan.cpp</in>
        <in>filescan.h</in>
        <in>main.cpp</in>
        <in>main.hpp</in>
        <in>page.cpp</in>
        <in>page.h</in>
        <in>page_iterator.h</in>
        <in>types.h</in>
      </df>
    </df>
  </logicalFolder>
  <projectmakefile>Makefile</projectmakefile>
  <confs>
    <conf name="Default" type="0">
      <toolsSet>
        <developmentServer>localhost</developmentServer>
        <platform>3</platform>
      </toolsSet>
      <compile>
        <compiledirpicklist>
          <compiledirpicklistitem>.</compiledirpicklistitem>
          <compiledirpicklistitem>${AUTO_FOLDER}</compiledirpicklistitem>
        </compiledirpicklist>
        <compiledir>${AUTO_FOLDER}</compiledir>
        <compilecommandpicklist>
          <compilecommandpicklistitem>${MAKE} ${ITEM_NAME}.o</compilecommandpicklistitem>
          <compilecommandpicklistitem>${AUTO_COMPILE}</compilecommandpicklistitem>
        </compilecommandpicklist>
        <compilecommand>${AUTO_COMPILE}</compilecommand>
      </compile>
      <dbx_gdbdebugger version="1">
        <gdb_pathmaps>
        </gdb_pathmaps>
        <gdb_interceptlist>
          <gdbinterceptoptions gdb_all="false" gdb_unhandled="true" gdb_unexpected="true"/>
        </gdb_interceptlist>
        <gdb_options>
          <DebugOptions>
          </DebugOptions>
        </gdb_options>
        <gdb_buildfirst gdb_buildfirst_overriden="false" gdb_buildfirst_old="false"/>
      </dbx_gdbdebugger>
      <nativedebugger version="1">
        <engine>gdb</engine>
      </nativedebugger>
      <runprofile version="9">
        <runcommandpicklist>
          <runcommandpicklistitem>"${OUTPUT_PATH}"</runcommandpicklistitem>
        </runcommandpicklist>
        <runcommand>"${OUTPUT_PATH}"</runcommand>
        <rundir>.</rundir>
        <buildfirst>false</buildfirst>
        <terminal-type>0</terminal-type>
        <remove-instrumentation>0</remove-instrumentation>
        <environment>
        </environment>
      </runprofile>
    </conf>
  </confs>
</configurationDescriptor>
